<?xml version="1.0" encoding="UTF-8"?>
<project-private xmlns="http://www.netbeans.org/ns/project-private/1">
    <data xmlns="http://www.netbeans.org/ns/make-project-private/1">
        <activeConfTypeElem>1</activeConfTypeElem>
        <activeConfIndexElem>0</activeConfIndexElem>
    </data>
    <editor-bookmarks xmlns="http://www.netbeans.org/ns/editor-bookmarks/2" lastBookmarkId="0"/>
    <open-files xmlns="http://www.netbeans.org/ns/projectui-open-files/2">
        <group>
            <file>file:/C:/Users/abcdefg/OneDrive/Desktop/Fall%202022%20CSC-17C/Homework/Review_3_Templates/Object_Array_Templated_Objects/Table.h</file>
            <file>file:/C:/Users/abcdefg/OneDrive/Desktop/Fall%202022%20CSC-17C/Homework/Review_3_Templates/Object_Array_Templated_Objects/main.cpp</file>
            <file>file:/C:/Users/abcdefg/OneDrive/Desktop/Fall%202022%20CSC-17C/Homework/Review_3_Templates/Object_Array_Templated_Objects/RowAray.h</file>
        </group>
    </open-files>
</project-private>
